,Unnamed: 0,resource_state,athlete,name,distance,moving_time,elapsed_time,total_elevation_gain,type,workout_type,id,external_id,upload_id,start_date,start_date_local,timezone,utc_offset,start_latlng,end_latlng,location_city,location_state,location_country,start_latitude,start_longitude,achievement_count,kudos_count,comment_count,athlete_count,photo_count,map,trainer,commute,manual,private,visibility,flagged,gear_id,from_accepted_tag,upload_id_str,average_speed,max_speed,has_heartrate,heartrate_opt_out,display_hide_heartrate_option,elev_high,elev_low,pr_count,total_photo_count,has_kudoed,year,month,gear_name
0,0,2,"{'id': 73279450, 'resource_state': 1}",#44- Morning Run,5559.3,34.93,2107,53.4,Run,3,5175560765,e03fd140-47a3-4d48-a039-70a9883e2273-activity.fit,5515632754,2021-04-23T01:45:25Z,2021-04-23 07:15:25+00:00,(GMT+05:30) Asia/Kolkata,19800,"[13.084287, 77.538491]","[13.08425, 77.538506]",,,India,13.08,77.54,0,0,0,1,0,"{'id': 'a5175560765', 'summary_polyline': 'woznAqfgxM@CEm@[Wi@u@]OMKm@_@]K]IwAKUGGIEOs@_AMYDNb@p@b@`@V\\PDj@?nAVf@RRRx@j@P^`@f@DNAJGTUVGVKVGp@GZIJE@OA_@I]Ko@c@WIg@_@g@Su@a@[W[O]UMQ][KO?KFSXw@r@wAC?GFKRSr@g@nACNFTTRd@VTVnAv@vBhAf@\\|@Xf@BHAFGLo@?QLa@BUTq@BQEQ{@kA]Y{@i@QGaAWc@I]ASG_AmASa@CB@HJNVVJFr@bANDl@ApARTL|@n@\\Zn@z@FN?Za@|@MTIx@KZODQAk@IOG]Wo@]aAq@uBgAeA{@IK?OBUPa@DSZu@Xc@i@fA[z@Mb@BRJLxAdAtAr@d@^jB|@RP`@HZDTCHIFc@@_@PW?QT}@?[EMg@o@c@]KO_Ai@s@Uq@MMCc@?KE]m@i@o@IYAJHPtA`BJDXCX@z@Rh@T|AbAn@`AFVAPUp@CRQXIr@O\\I@O?a@Io@SWOg@_@s@][Ua@Qq@i@m@_@KOe@a@?IDYLWLg@Zk@Nc@KJ]|@g@~A?LNR`BhA|Av@l@d@d@RbAj@b@HT@RAFGTuAHQZiAAUKYSSe@k@wAy@_Bi@SCc@?QEGGO[q@w@CGCMFT^f@x@|@PDT?rAPZJh@ZjA`Ab@p@FPBR', 'resource_state': 2}",False,False,False,False,everyone,False,g8253692,False,5515632754,9.55,18.72,False,False,False,901.9,891.8,0,0,False,2021,April,Kalenji Run 100
1,1,2,"{'id': 73279450, 'resource_state': 1}",#43- Morning Run,5015.3,31.63,1901,51.2,Run,3,5170003990,582ceed6-ee42-4070-bd01-867428510072-activity.fit,5509874427,2021-04-22T01:52:18Z,2021-04-22 07:22:18+00:00,(GMT+05:30) Asia/Kolkata,19800,"[13.08632, 77.540219]","[13.085715, 77.539557]",,,India,13.09,77.54,0,1,0,1,0,"{'id': 'a5170003990', 'summary_polyline': 'o|znAiqgxMNPDRFLj@h@JRFHJD\\E^@|@Xn@\\~@p@NJ^h@LVDTEX[l@OjAOh@IDQ?m@KICu@g@[U}Aw@a@[y@c@_@[OQYSIS@Mf@uAPe@R[?EUd@Sr@Yx@GZBVLJ\\Pn@h@h@Xj@d@v@`@\\LNL|@d@~@RN?FIj@iCRo@AQIYk@s@_@U[Yo@_@u@S_BMSSYc@]e@Q]HRrAjBHDZAj@BfAZjAp@\\Z^f@Vj@@NGVQXSj@OjAIJQFq@Km@WeAw@iAi@_@[]MSMsAkAIU@Oz@wBRW@G]j@q@rBCJDTRTRJb@\\~@h@`@ZZLhCxAZLn@HHCHIBKHw@Ti@@SRs@?QK]k@s@uBsAUI_@Ig@Ea@@QEUc@Y[e@w@A?AF`BtBLBt@@x@P`Ad@~@p@\\`@Tj@DTKh@a@dAQ|@KJQBg@KSIcCyAq@[uAu@e@_@_@a@GWAMBM^_AFYNYRQ@Gm@pAUp@Kb@?LBLHHl@`@ZZbAf@lBlAz@b@j@Rf@JVAJSX}ABEV_A?QESQYy@{@g@_@c@UkA_@o@IY?KEQW][i@cACBDH^l@d@d@X\\VF', 'resource_state': 2}",False,False,False,False,everyone,False,g8253692,False,5509874427,9.51,16.92,False,False,False,900.2,891.9,0,0,False,2021,April,Kalenji Run 100
2,2,2,"{'id': 73279450, 'resource_state': 1}",#42- Evening Run,5107.0,31.43,1886,49.7,Run,3,5154279088,7252c99f-1533-4628-88d2-3d527a5b32fa-activity.fit,5493599139,2021-04-19T12:20:00Z,2021-04-19 17:50:00+00:00,(GMT+05:30) Asia/Kolkata,19800,"[13.086329, 77.540241]","[13.084871, 77.539269]",,,India,13.09,77.54,0,1,2,1,0,"{'id': 'a5154279088', 'summary_polyline': 'o|znAoqgxMFTVXx@jAHFbADfATt@^VRl@h@RVR^DR?VQ\\Wv@Id@Od@ADIBg@?o@SYOYU_@Qo@c@_Ac@wBaBSU@QJSNs@P[HYXc@?CIHa@`Aa@rAEVBFpBxAjAl@rAz@jAj@x@PXEHIVwAZw@BS?UM[w@aA}A}@UM{@Uu@EWEGGOY_@g@OMK]C@?BHVVZ~@fAZFd@AtAVd@R`At@`@d@Tp@BHE^]n@Y`BKJUDYCg@QmC}AUSSGg@UuAcA[c@EQ@IFQJSVq@d@{@?EWd@a@~@U|@?HBPHJ`@Tz@r@jAh@j@\\ZXf@Rr@b@fAPLCHIDMLiA^qAC_@GQm@{@s@g@]QiAg@g@Ew@AGCgA}AO[DTHN\\Zp@z@\\BNA^@NBh@Nz@`@|@x@X\\Xf@@VEXQ\\Md@Gx@CFQVGDI@_@Gc@KyAw@s@e@UKa@Ye@U{AmAS[Jq@TYp@{AEDUb@i@vAKj@@HrB~An@\\VRh@Vn@b@ZN^TRJVFVBT?FCDGD]Ny@b@uA?UCKGMW_@UU{@o@o@_@cAYeAIWIeA}AGOEABHJRpAxATHb@?VHt@Jx@d@', 'resource_state': 2}",False,False,False,False,everyone,False,g8253692,False,5493599139,9.75,15.48,False,False,False,899.8,892.1,0,0,False,2021,April,Kalenji Run 100
3,3,2,"{'id': 73279450, 'resource_state': 1}",#41- Evening Run,4009.4,24.63,1478,36.5,Run,3,5141781551,223473ce-aca8-4c15-9b2e-e4841c63ffad-activity.fit,5480501283,2021-04-17T12:10:13Z,2021-04-17 17:40:13+00:00,(GMT+05:30) Asia/Kolkata,19800,"[13.084253, 77.538515]","[13.084774, 77.537613]",,,India,13.08,77.54,0,1,0,1,0,"{'id': 'a5141781551', 'summary_polyline': 'qoznAufgxMGKCYGQ_@e@c@c@eAo@w@YUEm@Ea@?SIOQSe@]c@KWED@HDHh@p@p@r@L@j@?n@Lx@Zz@b@f@ZX^R`@BF?VI^]|@UlAIJSD]E_A_@mAu@sAq@q@e@[QY]a@[MQAC@ITi@V{@`@w@E@_@z@_@dAG^?JDPj@f@zBrA^Pl@`@f@Rx@h@n@LTANMFSRcAL_@TcAAIm@_A{@q@iAo@QGe@Ig@Ga@?GAmAaBMU@LLRbAlANLRDREb@BZH~@\\vAfAd@l@JRBXALI\\_@x@MdAIJQBYAg@QcDgBu@g@aAe@c@]Y_@CK@GJe@h@uAXc@EBaAjCIb@?BFJf@\\PH`@\\lAt@RJ`@Zr@\\t@`@XJd@FVANG^sBZ}@?MGWc@g@OWo@e@_@SkAg@m@Gq@EOGQQO_@c@m@GQC?@HJVjArAPHPBl@B\\D^J`@P\\TRTj@`@d@p@FPA^Ul@Sz@Ij@MP[D', 'resource_state': 2}",False,False,False,False,everyone,False,g8253692,False,5480501283,9.77,15.12,False,False,False,904.8,892.1,0,0,False,2021,April,Kalenji Run 100
4,4,2,"{'id': 73279450, 'resource_state': 1}",#40- Evening Run,5256.2,33.33,2000,51.7,Run,3,5130935687,174033d0-06d7-48c2-a37a-ad40e9207ed9-activity.fit,5469224324,2021-04-15T12:27:46Z,2021-04-15 17:57:46+00:00,(GMT+05:30) Asia/Kolkata,19800,"[13.086336, 77.540235]","[13.084513, 77.538099]",,,India,13.09,77.54,0,2,0,1,0,"{'id': 'a5130935687', 'summary_polyline': 'q|znAmqgxMR`@`@j@j@n@LBl@C\\Hl@R^PzA~@f@p@FN@`@[x@_@hBMNSB_@COEwAu@m@c@{Au@QMUMoAcAKOAGDUd@mAj@cA?CGDKVQT_@dAQx@FNzA~@TRNHJL|At@tAz@n@Z^DZGJIH_@@WD[Rs@Na@?YYk@{AmAs@c@q@QmAIUIMK_@m@_@g@EOxAvBLFfABd@Hn@^zA~@j@dADPAJIZ_@z@K|@OVGD]@g@IaAo@]Qs@c@cAe@a@_@]UaAy@CSHe@r@aBPU@GA?_@n@g@xAGb@?HFJj@^bAx@t@\\`B`AnAn@r@NZCFEJ]Dg@j@wB?MGMo@w@k@k@e@W]Ok@Mu@Mg@EUGOSSc@_@c@KSA@BJn@r@`@l@FHVFt@?d@Hb@RpBxAV`@RTBH?PGVOTKZSxAILOHg@?SGcBcAw@k@mBcAyAmACMBYTc@Pg@j@cAAC_@l@a@dAMd@E`@?DzBdBTJp@`@p@ZRPlAp@THf@FRAJGHUHw@f@eB@QEUGQe@e@cBkAwAa@cAIKEm@{@[[OYA??DT\\z@`ANTJBr@B~@Pl@Tn@f@h@\\b@p@Lb@AZY`@Of@', 'resource_state': 2}",False,False,False,False,everyone,False,g8253692,False,5469224324,9.46,14.76,False,False,False,901.4,892.1,0,0,False,2021,April,Kalenji Run 100
5,5,2,"{'id': 73279450, 'resource_state': 1}",#39- Evening Run ☁️,7205.3,44.88,2702,66.0,Run,3,5125182913,fdde7651-c11d-4f8a-92f2-ba784f49a43b-activity.fit,5463240736,2021-04-14T12:07:47Z,2021-04-14 17:37:47+00:00,(GMT+05:30) Asia/Kolkata,19800,"[13.084268, 77.538546]","[13.084486, 77.538098]",,,India,13.08,77.54,0,2,0,1,0,"{'id': 'a5125182913', 'summary_polyline': 'soznA{fgxMSu@e@o@mAw@k@[q@Os@Ma@AIEeAoAIQGQA?@DHLrAfBTDn@Bn@J~@b@`Ap@\\\\Zf@FVAVIVQX[bBQNa@BIA[I_@O]U[Ms@i@mAm@uAcAYOQSCKB[Ve@Lc@\\y@LMACGH{@pBOr@FPNRr@`@`@XRTjB`A\\Xp@^l@T^HNAPENMNu@L[ViA?[K_@OSs@q@OIk@e@YMcB]c@?OEQUKSg@m@KSCKA?@LLXd@j@RPPVHDH?ZCP@lARNJRT|A~@LNZp@BNANk@zAQ`AGJOHe@Cc@O_EaCe@SkB}ACKLm@Xu@h@cAAAIDi@tA[fAALBBl@l@^Xz@d@t@j@zAz@`A`@j@Nd@CFEFILaAVw@Lo@AWMY[_@u@o@eAm@{@Wo@GY?QEyAuBA??DLXb@j@n@p@LBx@CdAZLD|AfA^`@Zf@DXARg@z@WzAQJYBq@Mc@[[My@o@_Bw@k@c@o@]e@g@AUJ_@V]r@aBC@m@pAI\\Qb@E^PThAz@~BzA~@d@h@Zh@T\\F\\ELGDIVeB^_AC]KU_A_AeAs@s@Y}@Qk@AMEYUUe@WWM[C@?@R\\hAtARFp@BhARZNTR|@n@RR^p@FX?PGVQTGPSrAIPUHQA_@IUMm@_@]QiAy@OEm@]aBgASOKQCODWL]b@}@HSPW?AAAC@[r@m@lB@ZJNb@Tl@d@lCbBRNZHjAj@^JX?ROXsARu@N]@QGUIOm@q@_@[eAo@w@Ya@Iq@ASEc@o@e@k@KWC?BRNVZ\\ZVX\\|@Dp@JhAh@h@^b@`@h@t@FJ?HG\\MVSl@', 'resource_state': 2}",False,False,False,False,everyone,False,g8253692,False,5463240736,9.63,18.0,False,False,False,900.1,892.0,0,0,False,2021,April,Kalenji Run 100
6,6,2,"{'id': 73279450, 'resource_state': 1}",#38- Evening Run,5105.4,31.83,1917,49.2,Run,3,5119164692,97239afe-b6a8-4d85-b976-ddafc16ab0f1-activity.fit,5456962345,2021-04-13T12:28:15Z,2021-04-13 17:58:15+00:00,(GMT+05:30) Asia/Kolkata,19800,"[13.086312, 77.540194]","[13.084755, 77.53923]",,,India,13.09,77.54,0,2,0,1,0,"{'id': 'a5119164692', 'summary_polyline': 'm|znAeqgxM?ADLzAjBH@d@?f@F^Hl@XpAz@p@|@HVAT]`A[dBKJa@?QA]Ks@e@_Ai@SGg@]g@S[Qi@e@_@SGIQ[CIBYTe@`@gAV_@@Ga@l@O^e@vAANBJHHt@`@pA~@f@Vt@f@rAt@\\Nf@LRBRELMTaADi@Vu@?[EOe@s@SSc@]}@k@_@KeAMi@AMEe@o@]q@KWADFPh@t@j@p@NDt@Af@HTFf@V`Ar@XXTZTd@B^g@pAG^Qr@QFW?[Ge@SkAm@oCeBk@_@s@o@CGCQHc@d@mA`@u@GDy@pBM\\CXHR`@b@tAx@ZLrBtA`Br@\\D\\CFCDIRuA`@gA@YEQ]g@c@c@aBcAUK_AOOAe@@KE_@s@[[OUEUC?Pd@LRh@r@RNHBj@@b@DVF~@\\Z\\TNd@^j@x@DPCTYj@a@hBINQDi@Gk@OuA_Ae@Uw@k@aAe@UOo@o@EICOFWPi@Rg@d@y@@GEB}@tBGPIh@JTdCbBtAr@f@\\n@^f@VPDd@@TCNUH{@Hg@^{@?QQ]o@w@kAy@g@Us@So@K]AMEWW[i@UWKSA@@FLPnA|APD|@Db@H~@`@b@X', 'resource_state': 2}",False,False,False,False,everyone,False,g8253692,False,5456962345,9.62,15.48,False,False,False,899.8,892.0,0,0,False,2021,April,Kalenji Run 100
7,7,2,"{'id': 73279450, 'resource_state': 1}",#37- Evening Run,4076.0,24.47,1472,43.4,Run,3,5113651906,08dcf171-35d5-4b1f-a2ec-109b8723fab6-activity.fit,5451209546,2021-04-12T12:35:08Z,2021-04-12 18:05:08+00:00,(GMT+05:30) Asia/Kolkata,19800,"[13.086318, 77.540232]","[13.08638, 77.5398]",,,India,13.09,77.54,0,1,0,1,0,"{'id': 'a5113651906', 'summary_polyline': 'm|znAmqgxM@BJ`@\\f@PN\\d@PDh@AZFd@DxBtAXVRXP^@T?RUd@Qj@Gn@IXGFWDk@Ig@S{A_AaAa@UWiAs@{@s@EUHe@Rs@`@{@LMAEEBUd@e@pAKr@BPZZjDpBl@`@dAj@d@Rf@H\\ALEHM\\sBPc@@[EOKOo@u@}AeAw@Yg@Gq@EUIU]}@_AEWBJLR\\^n@x@FFHB^ANBzA\\dAn@`Ax@Th@BRG`@[p@G^C\\Kd@MF[@y@UgBgAeAe@eBiAy@q@ESBWb@oAf@aA?CIBEVc@`AY~@A\\BHXT\\Rt@n@j@VjBhA~At@XD^BFAHGHSRsA\\eA@UCMKSUW_@_@gAw@eAc@iBMKGg@s@c@{@C??JJTb@j@VRTXDBh@@h@D`@H\\L|@j@f@`@l@z@HP@Zg@nAStAIFS@g@Cy@_@]WmAm@k@_@y@a@k@e@s@u@AWLi@LWF[d@y@', 'resource_state': 2}",False,False,False,False,everyone,False,g8253692,False,5451209546,10.0,15.84,False,False,False,900.1,891.8,0,0,False,2021,April,Kalenji Run 100
8,8,2,"{'id': 73279450, 'resource_state': 1}",#36- Evening Run,4564.7,28.48,1712,46.1,Run,3,5101828017,593af2b0-a564-4810-95ba-8cf8771c02a3-activity.fit,5438770429,2021-04-10T12:39:29Z,2021-04-10 18:09:29+00:00,(GMT+05:30) Asia/Kolkata,19800,"[13.086337, 77.540233]","[13.084292, 77.538454]",,,India,13.09,77.54,0,1,0,1,0,"{'id': 'a5101828017', 'summary_polyline': 'q|znAmqgxM@@EDNJvAdBBBTAx@HPHd@Hb@RfAx@RTb@l@FRC\\m@~AEb@K^GFIBS?{@WeBgAkAm@OOoAu@w@u@EMPu@`@iA\\g@ACa@x@i@vAEXBTNNr@^n@l@`Bx@XV|@`@d@Xr@TTALELQH_@BSh@kBC[ISe@o@UOSUsAy@[KmBQi@s@_@c@Q]AHHN~@jAVVFBJ?l@An@HXJb@XVLv@n@v@hA?HCZe@pAO|@KNQFW?o@OoAw@QOm@U}@i@y@i@y@s@KOGOHc@b@}@JYVg@?C[l@e@lAMv@DPlB|AhBv@l@b@nAp@d@LZ@PCJMFODi@RaATo@?QO]i@s@w@k@q@]q@Uu@Oa@AOI{@{@Ys@ADHTNLPZn@r@LFp@B|@L^Pv@f@VR`@^b@h@FRCb@Yj@Sz@Ih@KNWFS?[Kc@UkAs@kAk@YSe@QUYc@Ya@]KOCKT_AXs@^u@C@EPOV]x@W|@?TDL~AdAt@`@|AbAnB`Ab@J`@ALGFGPsAZaA', 'resource_state': 2}",False,False,False,False,everyone,False,g8253692,False,5438770429,9.62,13.68,False,False,False,901.8,892.1,0,0,False,2021,April,Kalenji Run 100
9,9,2,"{'id': 73279450, 'resource_state': 1}",#35- Evening Run,6204.1,38.05,2296,64.3,Run,3,5096003751,f1bebea3-2002-4b83-9987-7cba227bdd9f-activity.fit,5432677711,2021-04-09T12:32:47Z,2021-04-09 18:02:47+00:00,(GMT+05:30) Asia/Kolkata,19800,"[13.086338, 77.540234]","[13.084277, 77.538492]",,,India,13.09,77.54,0,1,0,1,0,"{'id': 'a5096003751', 'summary_polyline': 'q|znAmqgxMCD\\f@`AhAXFf@Bf@Fv@VVN~@t@PFX`@Rb@@JAT_@x@]hBEFm@Bm@Qa@Wg@SiBqAg@SmAy@g@e@AK@QJa@h@kAZm@A?W^Uf@I^Ur@CVDJz@n@ZX^Rd@\\PD|A~@pAl@b@JXBLEJQN}@`@kAFe@I]_AgAsA{@WK{@O]I_@@SGIGQa@e@k@Uc@?FFPLTr@r@X^NDb@CVBbAVn@XvAtAVh@BTEVMX]pBENKHM@c@Ea@Gc@UYU_BaAkAm@_BcAQ_@AOPk@bAyBu@bBK\\Mr@DNJJTLr@l@b@XbAd@ZTv@\\dAl@f@JT@LCFCTgAb@{ABc@Q]]i@OMc@_@q@]u@Yu@Oy@EIES_@[_@U_@GO@FFPt@~@T\\PHt@C\\Hr@XbB`APP^f@HNBL?X_@dAWbBEFGDO@mA[WMmAw@kAo@eBeAm@i@ISB]Z{@d@aAJOC?a@|@[x@Ib@C\\TTnA|@p@XVTf@XPHf@X^Pd@Vz@VR?PK\\cBXcA@SEUm@y@a@_@cAs@SK]Ia@Ag@Ga@?IEcA}AQ]@H\\j@~@lAJB~@?\\FRF\\Tl@Vx@n@l@z@FN?NCNWh@Sr@Gj@GRC@YFa@?_@Ku@a@c@[yBqAm@a@]]e@YOS?YJc@Zo@LQZu@MNe@fAQj@Mj@BNFJ`@Zn@l@\\Rf@P~AbAtAr@`@L^@RELO^yAHe@FMHI', 'resource_state': 2}",False,False,False,False,everyone,False,g8253692,False,5432677711,9.78,14.4,False,False,False,902.4,892.2,0,0,False,2021,April,Kalenji Run 100
10,10,2,"{'id': 73279450, 'resource_state': 1}",#34- Evening Run,5021.3,31.22,1876,53.3,Run,3,5090213998,9a595538-9a89-4499-ab95-e635fd090299-activity.fit,5426631037,2021-04-08T12:25:45Z,2021-04-08 17:55:45+00:00,(GMT+05:30) Asia/Kolkata,19800,"[13.08629, 77.540153]","[13.085323, 77.539527]",,,India,13.09,77.54,0,1,0,1,0,"{'id': 'a5090213998', 'summary_polyline': 'i|znA}pgxMAE@ENb@x@dAXRLBr@Ab@Hv@Z`BhAd@f@Ld@@VMZS\\a@|AGHSH_@?WGe@ScBcAw@[]OiB}AKGIIAOH]Tm@HWLUL]JO?GE@ERw@hBOn@HTtB`Bt@Z^XpBhAb@Rd@L\\ALGBEHa@PeAXcA?OI[cAoA}AaA]KcAOICY@ICk@u@]]MUCMAB@DzApBPH^A|@JTFfBjAf@^Zd@DL@V_@~@Op@Ip@EHEDMBi@Cg@Kk@c@QKWIy@k@yAw@_@[GIYO]a@AG@SFUn@{ATc@EDU^c@hAQn@@THNn@\\dAbAvAn@zBrAx@P^CLONaAh@gB?SGOgAqAcAq@]O_ASi@GU@OGc@k@WUSa@EQE@BF`BpBPDV?TDL?lA^VL\\XdAbAR^BL@PETa@~@Gp@GZEHKBUB[Cc@OaCwAs@[k@Yc@YcA_AIQ@KZ{@HWRi@PU@GE?Q^e@hAMp@@Vh@d@fAt@b@Tb@XpC`BZJh@JVALGFQJ_Ab@}A?WCMQWqAsA{@g@k@Mc@Cc@I[?ECIGYg@YWWa@CKA@FNZb@v@bAJHX@h@AP@DB', 'resource_state': 2}",False,False,False,False,everyone,False,g8253692,False,5426631037,9.65,15.12,False,False,False,901.3,891.8,0,0,False,2021,April,Kalenji Run 100
11,11,2,"{'id': 73279450, 'resource_state': 1}",#33- Evening Run,4074.6,24.8,1488,39.7,Run,3,5078982603,b2e1a5f6-1a87-41e2-9415-17231908136b-activity.fit,5414923557,2021-04-06T12:36:04Z,2021-04-06 18:06:04+00:00,(GMT+05:30) Asia/Kolkata,19800,"[13.086307, 77.540224]","[13.086355, 77.53984]",,,India,13.09,77.54,0,2,0,1,0,"{'id': 'a5078982603', 'summary_polyline': 'k|znAkqgxMJVPVbAnAlABh@JXJbAp@n@j@Z^Tj@?TS^Wt@Ip@IZMJa@?QCe@Q_Ai@k@_@a@Sg@_@g@W{AiASQESBMLYLc@Ta@Rg@LOAAEDKXWf@[bAIb@@LhBvA\\NTTTHt@b@\\Xh@PZPj@TTBTANMPg@D_@b@aBBQCQoAsA{A}@YMoAQYAOEW]WW[c@Ma@AFHV`@`@v@~@LDr@?rAVNFXZv@j@b@h@PZDRCd@QZQh@Kx@KTQHQ@Q?e@MiDwBe@QaAq@}@w@CMB[Ne@z@mB}@|BOr@BLZXZRl@d@~BpAjAt@tA`@`@?NO\\_BX_A?[K_@QU_@]g@[SSi@W{@Wi@Ks@Cu@{@S[M]AFFRXXl@|@HFHBj@?d@Dr@NtBvAf@t@HV?XIZQ`@W`BENMDWA{@QMGcBiAgAm@[Wk@[cAu@EIAMHi@l@eBPY', 'resource_state': 2}",False,False,False,False,everyone,False,g8253692,False,5414923557,9.86,14.4,False,False,False,899.6,891.8,0,0,False,2021,April,Kalenji Run 100
12,12,2,"{'id': 73279450, 'resource_state': 1}",#32- Evening Run,5212.8,31.08,1876,51.9,Run,3,5073504965,b2e0029d-f56a-410c-ae0b-9e6601c0f7dd-activity.fit,5409194115,2021-04-05T12:30:48Z,2021-04-05 18:00:48+00:00,(GMT+05:30) Asia/Kolkata,19800,"[13.086309, 77.540217]","[13.084262, 77.538586]",,,India,13.09,77.54,1,1,0,1,0,"{'id': 'a5073504965', 'summary_polyline': 'k|znAiqgxMDEDTD@j@z@^d@PFj@?dATlAn@p@h@Z^Xn@?TIVS^_@lBEHIB[B]Ec@OwA_AyAu@c@]}@w@[OOMIO?GFWf@yAd@{@A?MTYd@Yx@Oz@BLDFl@^b@`@j@^|ChBv@^b@LR?PALGRo@N_AZeAAUGMq@{@UKy@o@]Oi@Qu@Oo@CUIMMIUc@o@O[@JRVd@n@`@`@FDj@Br@Jt@Tf@`@XL|@v@LRHLFXARi@|AShAEDUDm@EOEeDqBe@Ug@]MGwAkAEQF]d@eARq@NWE@Yv@]r@Qp@CPBJZ\\VL|AfA~DzBZLZFP@TEFIz@eD?YIYe@k@QQi@]c@]_@Ke@S_AMc@?ICUYu@gAKUJXP\\bAbAPFl@?l@HhAd@b@Z`@ZPR^j@HT?PCNMPSj@W~AGFGBg@Cm@Qc@So@_@q@g@_Aa@cAs@SSk@c@EMB]b@sAb@_A?EaAzBOn@?NBHBDhAn@^Xh@V`EdC^J^BTCFCFGv@gD@QK[{@_Aa@]o@a@u@Yg@I_AGKEkA{AMYH^NVz@`AHDLBv@?N@zAj@`@^z@n@^n@HZ', 'resource_state': 2}",False,False,False,False,everyone,False,g8253692,False,5409194115,10.06,15.48,False,False,False,900.9,891.9,0,0,False,2021,April,Kalenji Run 100
13,13,2,"{'id': 73279450, 'resource_state': 1}",#31- Evening Run,5029.7,30.37,1825,50.0,Run,3,5049284698,12ec8df8-8352-483d-b7a3-e5cc6e26542c-activity.fit,5383744705,2021-04-01T12:22:07Z,2021-04-01 17:52:07+00:00,(GMT+05:30) Asia/Kolkata,19800,"[13.086352, 77.540265]","[13.085529, 77.539588]",,,India,13.09,77.54,6,1,0,1,0,"{'id': 'a5049284698', 'summary_polyline': 'u|znAsqgxMVn@b@^h@n@JDz@@^DjCtAh@n@Vl@@Zc@jAYvAQLe@?_@IyA{@iAk@m@_@m@c@]Qu@m@CKAYHk@n@{AP[ED}@rBMr@FP~@p@p@h@^LNF|@n@rBfAj@HX@HALIFWHq@h@eB?QKYU[a@]c@WYSc@WwAYQAYBUE]c@KUU]OQES^r@d@j@RZVFb@?b@DjA\\l@\\VVRLNPf@~@?HGZ_@z@Kj@Ir@GH]B[Ci@Q{AaAuBmA[K]Q{@y@EM?UTm@F[T]Xm@FEACMZe@~@Qj@Kh@@FDHVV^T|@t@rAn@TPf@TdAl@`AVTCJKJg@Fe@`@yA@QE]u@aAg@[UUSIMKg@Mk@Ic@Ge@A[e@s@w@IYCDDNzA`BVJTAx@Hp@LtA`A^^TZRd@@JIVS\\Of@Gl@GXONSDWAYKgAk@cAw@OE_By@SOMQi@_@MMKOHo@b@kAd@u@AAIFWd@Sl@Sb@Ml@@PbBrAbAd@VNVXxAr@PL`A^^BHAPMZkBNg@LY@WCMk@s@}@q@y@g@m@SWG[A{@Kc@g@q@kAACA@HXPXj@t@PN\\JP@TA', 'resource_state': 2}",False,False,False,False,everyone,False,g8253692,False,5383744705,9.94,20.16,False,False,False,900.2,892.0,1,0,False,2021,April,Kalenji Run 100
14,14,2,"{'id': 73279450, 'resource_state': 1}",#30- Morning 10k at Jakkur Lake,10101.8,74.07,4489,0.0,Run,2,5022757664,b4cdf897-ac5e-4eb5-8c08-c26ee10a9328-activity.fit,5355951139,2021-03-28T01:57:37Z,2021-03-28 07:27:37+00:00,(GMT+05:30) Asia/Kolkata,19800,"[13.091829, 77.606793]","[13.085001, 77.613313]",,,India,13.09,77.61,1,1,0,2,0,"{'id': 'a5022757664', 'summary_polyline': '{~{nAmqtxMQNq@RmAd@yAd@e@FiACaABOCKICM[iCOiBIe@?u@Lu@NMTKh@Q`Bq@`A[n@Mf@Or@M`@QjCcA~@c@p@Sh@WVQTS`@Oz@k@j@[v@m@NEf@i@l@e@Zc@h@]x@cAx@Wj@IFENWDUFORUNIzB_@r@CdAUb@GLIb@g@PIl@IZ?jBONCbAIZGfAEX@NEt@Ip@Mr@EjAYf@Ir@Ql@Ul@OdAaATMxAc@\\EJMCHKFg@FaB`@a@\\U`@c@VgD|@_@@s@NsBVWF}@?gC\\_@A}@HWC{@Hk@LUXWVYLsB^WAeAFYDg@POJi@fAMNUJg@JWHYN_@d@w@p@{@|@QJUX}@d@g@d@k@\\e@^q@Xq@^MB]Tc@L]Pi@PWDw@\\wBt@m@Nw@Tq@V}@`@_@HgA`@YPOb@A~@NbAFlAHr@@^HbAJPNBpAGbA@r@G~@_@h@Kt@[z@Wb@Wd@KnAk@FGJCTO|@UxAm@z@k@`@MTMb@Kf@E~Ae@t@Ml@SXEPMXEVI~@K^?l@Kh@Ud@]PGzAKRGZEZIjAMrA?VEd@Cb@@p@DHAFEJATOZI\\WRA\\KTA|@StB]lA_@ZQVEd@?j@@l@GZK`@@l@Cl@?`AE\\Br@NCEe@OWAq@B_AHs@B{@CcAHcABsBj@u@ViBX_@LS@e@NO@a@Vs@\\S@yAGoDL[AKFUFW@e@LwB`@iAf@a@Fa@?aALgAZUJm@Jq@RQBYH[ByBj@c@NSNy@f@c@Nc@Rk@Te@L{@\\e@Xa@Jy@^o@Rk@V{Ah@e@HSHi@@I?a@K]Cu@FKCIGQsAEaAEQCg@Ai@I_@E]AYB_@DUBERKRQr@Y|@[z@UVMdAWfA_@l@K\\Qn@Sj@[XG|@c@v@U~@m@d@Sb@]TMXSjAq@XUbAeARMLUXQh@e@`@c@f@Wl@MTKLOXq@^_@vAWhACHGJARBj@Mr@Yd@e@j@Q`CKvAOdCIjASf@E|Bc@f@EZIRC`Bm@LMRMTWd@WVSRGXAd@KTCHADGACC?YNiBb@ULa@^[^_@RcBT}Bp@m@LyBVSAiBP]@i@FaAD', 'resource_state': 2}",False,False,False,False,everyone,False,g7794371,False,5355951139,8.18,14.04,False,False,False,894.8,893.4,0,2,False,2021,March,Reebok Ultra speed v3
15,15,2,"{'id': 73279450, 'resource_state': 1}",#29- Evening Run,7025.5,44.17,2653,73.1,Run,3,4977920374,b9ecdabf-245e-47a6-b1c9-d90f79dad0e4-activity.fit,5308922372,2021-03-20T12:29:36Z,2021-03-20 17:59:36+00:00,(GMT+05:30) Asia/Kolkata,19800,"[13.08631, 77.540234]","[13.084293, 77.538464]",,,India,13.09,77.54,2,1,0,1,0,"{'id': 'a4977920374', 'summary_polyline': 'm|znAmqgxMHVLVfAnAPD|@BPBl@NTL`Ap@v@r@R`@DREVYp@Mb@Gn@M^KFI@SGS?k@U_@U[OuA}@w@a@a@UyAkACI@Oj@{Ad@}@BEAAEBa@z@i@fB?NBFXXPHp@h@rAt@rA|@d@Pv@b@f@HXCLKH[Hq@Ru@L[?_@CM[e@UWkA_A_@Sc@Mi@Ke@CY?MC]o@o@s@KU@FR^V\\r@v@LDb@CbAJRH|@f@l@f@t@~@HP@TGZUf@SlAIZSJ]Au@Sq@c@]WYMi@[_Aa@cAs@s@q@CWBMr@eBXc@BGAAGB[r@_@fAOl@ADDNPNfCdBpC~An@Vt@NTAHEFGHc@Fc@Rk@Ps@?WGQq@{@aBiAu@[SCcAEQE_AiA]k@?B^b@Tb@^d@NNNBj@An@Nn@TdAj@f@b@RVPb@@N?NIVQZOh@Mx@GPEDODk@Ii@SeAs@kBcAa@OWUYQo@i@QYDYp@gB\\m@ACKN]z@Wz@Mf@BNhBzAPJRDp@\\XT\\N~AbAj@NR?RIDK^_B`@_AAWGSi@s@]_@oAq@o@Uu@M{@IMK[g@a@i@OY@FTb@f@n@`@b@J@j@@dAPh@VjAz@^^Xd@DVC^Yl@Y`BKNSBa@Eq@Wk@_@i@YaAo@oBgAs@o@OWTw@PWZ}@R]GD]t@i@lBAPPV|@l@ZVtAv@XJl@`@rAr@j@JP@VEDGPcAVeAJ[?YCOu@_AqAcA}Ai@aACSGcAuAO]BLRZl@l@Zh@NBVAf@Br@Tn@Zn@b@d@^LPXh@@J?REPUh@Qp@Ix@^iBLe@HQ', 'resource_state': 2}",False,False,False,False,everyone,False,g7794371,False,5308922372,9.54,23.04,False,False,False,905.0,891.9,0,0,False,2021,March,Reebok Ultra speed v3
16,16,2,"{'id': 73279450, 'resource_state': 1}",#28- Evening Run,5107.5,32.18,1938,49.4,Run,3,4967163748,38d4134b-162b-4bc5-9e7a-2bc414f191e5-activity.fit,5297678914,2021-03-18T12:33:12Z,2021-03-18 18:03:12+00:00,(GMT+05:30) Asia/Kolkata,19800,"[13.086363, 77.540277]","[13.084964, 77.539349]",,,India,13.09,77.54,2,1,0,1,0,"{'id': 'a4967163748', 'summary_polyline': 'w|znAuqgxM@FLRrA~AHDj@@ZDj@NfAh@`@\\^PHHN\\V^BVI\\Uh@Qr@Kv@GFKB[AsAg@w@i@eAk@[SUKe@Wo@e@g@g@EQLg@j@yAXi@EBQf@SZIPYlA?RFJvBzA^NhAx@vAp@ZRZHRB^CFCDGNiANi@D[JSDYGSMQiAiAoAs@i@Qu@Ge@?KCc@s@i@m@M[@JNXlAvAFBn@@zAZbBfAZZd@r@DLK`@KTOj@YzA]JOAu@SQKg@c@g@Yo@[g@S}@i@[[WOOOUc@BU`@iA\\s@LM?CGDENQVUl@On@KTANBDXZ^PXVh@\\tAt@h@`@fAl@`AZV?TKNo@@YNo@Vs@?QI]OU]_@e@_@cAm@_@Mu@QOCa@@YGw@kAOQIYCJpAfBNNND^Ax@Hd@JVLpAbA\\\\Xf@DN?TIZQVENStAINSHi@C_Aa@q@g@_@SYU}@_@y@e@]c@c@[KMAMLk@Vq@f@eA@EIHu@rBMd@CRHPXN`BnAhAf@d@\\f@TbAl@j@NX?HEJMTgAb@aB@UIU_AcA[UYMu@e@c@OYE_@Ca@BMEMM[k@a@i@MWAABN^d@VXb@l@ZJhAHZHn@X', 'resource_state': 2}",False,False,False,False,everyone,False,g7794371,False,5297678914,9.52,19.44,False,False,False,899.8,891.8,0,0,False,2021,March,Reebok Ultra speed v3
17,17,2,"{'id': 73279450, 'resource_state': 1}",#27- Evening Run,4553.5,28.67,1723,46.4,Run,3,4950561030,fed8c6f9-6c87-4a83-b2a7-21737ec6a09d-activity.fit,5280325231,2021-03-15T12:28:45Z,2021-03-15 17:58:45+00:00,(GMT+05:30) Asia/Kolkata,19800,"[13.086345, 77.540288]","[13.084314, 77.538464]",,,India,13.09,77.54,1,1,0,1,0,"{'id': 'a4950561030', 'summary_polyline': 's|znAwqgxMDTHNj@r@`@d@PDTAr@Dl@Nr@\\`@Xb@ZVZZl@DZc@zAGPEf@ITKLYDQAc@IkAy@_@Qg@[eAg@QOu@c@YW[a@AU^kAl@mA@EKFi@lAOh@Kd@?N@DbAx@r@d@zA|@NDh@\\b@Rl@\\h@LL?RELM\\cBPi@DSC_@KUm@s@u@i@w@c@]MYEs@Ia@AMKS_@U]_@o@ADXb@bAnAFBf@@bAN`Ab@ZVz@j@HJ\\n@DN?HERUp@]lBQJW@a@Gi@Uo@g@s@]e@]qAq@k@e@y@w@AIHk@Rc@Ja@d@u@CAYn@e@zAIp@JPp@^d@^hAn@XJxA`AhAf@r@DPCFGV{APg@Ha@?QAMSa@OQq@o@iAs@oAWgAKII[c@Y[_@o@AH@FPNjAxAVFl@?ZFZDRHfAt@l@ZVXFLPf@?RGTMVUbAGf@IVMHO@YCm@Si@c@}@e@e@[_Ac@OQ}AkAKO?MLk@D_@VY`@{@CAGJm@pAUx@ERBNTRlBpAvAv@`@ZbBv@d@J^?LEFGHWBk@Py@LW', 'resource_state': 2}",False,False,False,False,everyone,False,g7794371,False,5280325231,9.53,18.72,False,False,False,902.4,892.0,1,0,False,2021,March,Reebok Ultra speed v3
18,18,2,"{'id': 73279450, 'resource_state': 1}",#26- Morning Run,6234.0,39.55,2373,65.3,Run,3,4936925406,b513d7bb-6195-46bd-9c74-c47efff08c32-activity.fit,5265913368,2021-03-13T02:14:13Z,2021-03-13 07:44:13+00:00,(GMT+05:30) Asia/Kolkata,19800,"[13.086328, 77.540272]","[13.084284, 77.538476]",,,India,13.09,77.54,2,1,0,1,0,"{'id': 'a4936925406', 'summary_polyline': 'o|znAuqgxMFVvAnBL@\\?fB\\tBtAh@t@DVCTa@bAIZCd@GXGHYDa@Ec@OMIs@[kBkAu@c@MKUK_A{@EM@]Zs@BWl@gAG?a@z@QZG^Sn@ATDFVLvAbAXLb@Zh@Rr@d@lAn@p@NT@J?DCNQR}AZmAAUKSy@}@{A_Ao@Si@KQAc@@KAMQS]c@k@Ue@@HLXX\\`@b@PZHBx@?p@Nx@\\p@`@n@f@LPXf@B\\IZKJIRMl@Ef@K\\QFo@EeAc@USi@WQMc@UUQs@]w@m@UYWSGM@KJg@b@mAZe@@Gq@|ACPOl@EZ@Hz@h@VX`Al@VRl@Xd@\\\\RfAb@\\H^?HCDEPmAJ]Vg@DU?YM_@UYi@i@gB_Ac@Me@GWCc@AOOUa@WWWe@EMADJTLRVRj@x@PF`@AhANn@XdAr@l@r@PVDPAZEX[r@QnACFIFKBS@c@GkAi@w@i@{@e@oA{@gAy@OQAKFg@V_@BYh@cA?EC?IXYj@Kb@Wv@AXVXnBrA`B|@^Zf@P\\R~@V\\CFCFINgA`@oADUCYIQe@m@a@[oAs@c@O}@Su@CIGcAuAM[C@\\j@dApARBXAtANv@b@~@r@|@pAEj@]v@Qr@Kj@GFS@o@GiAg@WO_@[c@WSGwAy@YS_@a@USGKAK?KHWVc@F[f@{@@EAAC?M^_@t@YlAC^LPhBhAf@V\\V|@\\|A`A\\JJB`@?XOFQFo@Ha@Xu@', 'resource_state': 2}",False,False,False,False,everyone,False,g7794371,False,5265913368,9.46,14.76,False,False,False,902.1,892.0,0,0,False,2021,March,Reebok Ultra speed v3
19,19,2,"{'id': 73279450, 'resource_state': 1}",#25- Evening run done right,5009.2,29.7,1785,48.5,Run,3,4928680639,475a3da6-4271-4dc1-aff3-71d1f2c938a5-activity.fit,5257222977,2021-03-11T12:36:42Z,2021-03-11 18:06:42+00:00,(GMT+05:30) Asia/Kolkata,19800,"[13.086311, 77.540257]","[13.085787, 77.539589]",,,India,13.09,77.54,4,1,1,1,0,"{'id': 'a4928680639', 'summary_polyline': 'm|znAqqgxMFDDRJRj@p@\\XFBj@@d@FZLv@^b@Z\\RXX\\`@JT@XCLe@rAGl@GRKNQD[Ci@Ku@c@c@]m@_@g@OgBiAy@u@GOFk@Tm@r@uAA?}@|BOp@@HBHHHnA|@`@Pr@h@dAn@d@Tv@d@b@NRBN?PEFEFWDw@d@gB?QESaAiA_Ao@g@UmAYu@COMcAwAGQ@FZf@d@l@NXFDVFf@A|@Tf@T\\Vf@XRNx@hA@LAXSZQb@WvAEDMFSBg@OcB{@o@e@u@]}@m@_@[s@e@IMAI@QH_@J[t@_BEAEBG^q@dBIf@?HDHJJj@\\t@l@pAp@rBnAx@\\\\F^?JKDMNsAZoAA]GSa@g@YYSQ_@QWWOIq@Om@Ki@@QCOW[[a@q@ISAABRLXlAnATHZ?dAP`Ad@zAdAHJT^F\\ETe@jAQlAKLSBw@MMEk@_@q@]_C}Ae@UkAcAEQ@IZ}@r@eBA@q@~AWdACRBNXPf@Xp@h@dAh@l@b@|Az@VLXFj@DPCFKNkAP}@Ng@C[KUMSc@a@yAcAk@QmAO[AMEMKQWg@q@Q_@@Lx@bAV`@NLJD', 'resource_state': 2}",False,False,False,False,everyone,False,g7794371,False,5257222977,10.12,15.84,False,False,False,899.4,892.0,3,0,False,2021,March,Reebok Ultra speed v3
20,20,2,"{'id': 73279450, 'resource_state': 1}",#24- Morning Run at JP with Nikhil,5071.6,38.38,2343,33.3,Run,3,4903622243,9f83c0da-8049-4026-be2a-cdbf2eb500e2-activity.fit,5230742848,2021-03-07T01:56:21Z,2021-03-07 07:26:21+00:00,(GMT+05:30) Asia/Kolkata,19800,"[13.037086, 77.55208]","[13.032072, 77.550457]",,,India,13.04,77.55,0,1,0,2,0,"{'id': 'a4903622243', 'summary_polyline': 'whqnAo{ixMM?MLO@[Le@d@EH?\\HTRPVl@\\NVRFL?JMVe@^AHDJFHXLv@f@HDdAt@XNbAx@\\^r@Xj@b@d@d@Zd@^`@p@j@TDLHLL\\P^XRHZDF?p@QbA_@f@Yr@aAj@m@XQ^_@p@a@LUD]EMDm@ImAKm@M]GKKWOQEOg@c@GOI[C_@Ym@CYMUi@c@W[_@Uk@k@QMOE[Ee@@g@Hi@D]JEACIGa@]yAGQECOBUJq@v@w@j@KB]Iq@J}@z@i@d@G@UC_@JYEI@e@Pa@VUVGLG^?HBH`@`@NTHFRHLJR^Mj@GFOJO@CD?CB?@VBJHFJ@LBLNXPPF^Tb@T`Ax@RTHNPNh@^VJ\\X^TrAzA|@r@h@TV\\B@FAZJN?NFNA`@Q~@Yj@Ud@a@j@_A^e@^[t@_@Z]AUHc@Ai@G]e@gBIa@[o@GCMa@KIGKM}@Yy@S_@m@o@o@g@{@k@i@YS?{@P_@Ba@LMBECCGGq@Oq@Oe@EGICK@MFKPo@d@[`@SP_@Eo@RuAfA]N]D_@LG?[EQ@[La@XQREFEXBTHVh@|@f@\\PTIRMNc@R?DJPn@^t@j@vAp@\\d@PPj@p@v@VPJRPZb@tAnAdAn@pA`Ab@DPHv@MzAu@b@c@`A}A`@[^Qv@m@DMFg@?u@YmBOe@', 'resource_state': 2}",False,False,False,False,everyone,False,g7794371,False,5230742848,7.93,14.4,False,False,False,909.1,901.1,0,1,False,2021,March,Reebok Ultra speed v3
21,21,2,"{'id': 73279450, 'resource_state': 1}",#23- Short Evening Run,3566.0,23.43,1575,33.5,Run,3,4882792606,0bf2a9d2-728c-4e38-8462-77d84655a81e-activity.fit,5208832823,2021-03-03T12:28:23Z,2021-03-03 17:58:23+00:00,(GMT+05:30) Asia/Kolkata,19800,"[13.086354, 77.540252]","[13.084286, 77.538594]",,,India,13.09,77.54,0,1,0,1,0,"{'id': 'a4882792606', 'summary_polyline': 'u|znAqqgxMH\\`@l@TX`@`@v@?r@Ll@RPLbAh@~@lAFZEf@a@bA[nAIDG?u@Ga@My@c@eAs@UKMMmAs@eAy@OSAGh@eBXi@PU?EGBIXW^ERWp@Kf@DNxBbBPHbAj@n@`@PFfAl@d@LT@RCRWF_@B]Nc@Ji@HWCWa@o@i@k@q@a@WSgA[k@Ee@?OMQY[[_@o@KKN\\JJt@dALLNFv@B`@Dx@T^Zj@ZTRt@|@BRATi@|AAPKp@ORQ@YEq@Sg@c@_Bu@eAq@a@Qw@w@c@]CMLq@L_@PY\\s@KTk@dAQjA?PDDh@Vx@r@tAt@\\LZTt@^l@\\l@NPBRCNMF[Fq@d@wA@UGSe@k@WWkAy@a@SeAWaACOEWYM]_@a@O]BJ|AlBRF|@D|@T\\PbAr@RJPPFNXl@@H', 'resource_state': 2}",False,False,False,False,everyone,False,g7794371,False,5208832823,9.13,14.04,False,False,False,900.2,892.1,0,0,False,2021,March,Reebok Ultra speed v3
22,22,2,"{'id': 73279450, 'resource_state': 1}",#22- Evening Run,4075.2,26.35,1592,38.8,Run,3,4871166643,4de84e7d-14ca-42ab-85fe-38355484ac55-activity.fit,5196767200,2021-03-01T12:32:44Z,2021-03-01 18:02:44+00:00,(GMT+05:30) Asia/Kolkata,19800,"[13.086399, 77.540266]","[13.086374, 77.539819]",,,India,13.09,77.54,0,1,0,1,0,"{'id': 'a4871166643', 'summary_polyline': '}|znAsqgxMFBHHCD@J^Zv@dAXHVAf@B^Fp@ZhAv@\\XPVP^@Zk@xBEZINQLO?u@KwA}@{@_@_As@qAs@i@c@OWF_@^iAN]XYBKo@~@Qx@KXCVBRt@f@^\\lCzARRd@TTRtA^^GJKDMN_ALi@Pe@@YCOw@gAqA_As@Ya@Is@G_@?GCGGa@q@a@c@OY?DJPd@f@n@z@p@@n@Ht@RLJXNfAv@n@z@BRCVa@fAQpAINIBS@i@IQE_Ai@WSi@U_@UeBmAoAcANu@Ro@LSDSJSPOC?MRCLEBKZU^ITO|@BHp@`@^Zr@d@xAr@~@j@~@b@d@NN?R?NOPu@JUFi@Lm@@OAOYi@c@c@YSgAo@_@MyAQS@OEIGQc@k@s@Q[@LPXv@z@LTHH\\HhABj@NhAr@f@d@p@`AAVCPOZEXMXYlAMFW?i@GqBsAgAe@m@[u@i@y@y@EK?MH_@Xw@j@_A', 'resource_state': 2}",False,False,False,False,everyone,False,g7794371,False,5196767200,9.28,16.92,False,False,False,899.8,891.9,0,0,False,2021,March,Reebok Ultra speed v3
23,23,2,"{'id': 73279450, 'resource_state': 1}",#21- February 100k ✅,5203.2,33.4,2086,55.8,Run,3,4858566459,f05453bc-4af7-4761-aeb3-5cd6aa5bd595-activity.fit,5182629289,2021-02-27T12:22:23Z,2021-02-27 17:52:23+00:00,(GMT+05:30) Asia/Kolkata,19800,"[13.086372, 77.540245]","[13.08433, 77.538579]",,,India,13.09,77.54,0,1,0,1,0,"{'id': 'a4858566459', 'summary_polyline': 'y|znAoqgxMLVDBBJfAvARHn@AbAPjBjAPPZb@R\\BRAPU|@S`@?VGb@IJIDG@k@Gq@W_CwAq@[i@[s@o@[SUSCKNg@f@_BXc@BCCAaAzBGRIf@BNHHr@`@h@b@n@ZHJ\\Bb@VVVfBv@\\J^DVGHKHs@TgAHMH]ASGSKOo@o@OG_Aq@c@S_@Mo@Kw@Ay@aA[e@EMCBVd@r@r@RZRHl@@p@FNDrBnA|@`AHTARERQ`@Od@Ej@Kb@QHOBo@E[Ke@_@iAi@eAu@cAg@m@o@]YIQ@KXo@Ja@P]Zc@BGAAGFWf@Mb@Q\\Mv@ARBD|@l@XXf@VxBvAt@ZZT^N^BZCJGHYL_A`@wA@SEMu@}@g@[k@e@[Q_AWm@I]BIEIGcAyAKWADP`@v@x@PTJH^BX?z@P~@`@`Ar@JNTRTb@DNANENYf@GZQnAILYDk@Gw@[g@_@oAy@o@_@e@OaByAEMD]`@eA`@y@HECHQPMVe@vAGd@@HJHf@XhAz@zAp@p@f@fBz@JBd@?JCJMP{@b@cB@WEOy@_AcAy@e@Wc@OaAOe@?GAU[]]_@m@COEC?HHLPPl@x@LLVJd@?^Dv@Vr@`@h@`@j@l@JTLN@X', 'resource_state': 2}",False,False,False,False,everyone,False,g7794371,False,5182629289,9.35,14.76,False,False,False,902.1,892.2,0,0,False,2021,February,Reebok Ultra speed v3
24,24,2,"{'id': 73279450, 'resource_state': 1}",#20- Evening Run,5008.8,32.0,1989,48.8,Run,3,4852675740,6f8f9970-372c-46df-8fb3-755bc7b2d7c3-activity.fit,5176406270,2021-02-26T12:24:22Z,2021-02-26 17:54:22+00:00,(GMT+05:30) Asia/Kolkata,19800,"[13.086362, 77.540279]","[13.08586, 77.539622]",,,India,13.09,77.54,0,1,0,1,0,"{'id': 'a4852675740', 'summary_polyline': 'w|znAuqgxMCHBD`BpBLFh@Cj@JXHr@ZhA|@VV`@p@DPANWh@K`@UlACJGDQBw@Iy@a@_BgA_@Q_@Ya@Qo@a@w@y@D_@Ja@N_@b@u@BOHKEBs@|AOd@If@@HHRHHRHf@Vh@f@b@RTPf@P`@\\`Ab@h@XVFb@@JCJOJe@@MHYFc@Na@BMAUGSOUSYo@m@WUc@USKqAWQAk@@KKS_@c@_@U[EI?GBAB@Td@LJh@r@VVN@\\?j@FZHh@XfAv@b@d@Zf@FL@Z]l@]jBINEBO@OAo@MOIYFRIaAs@_@QWQWKs@a@OQk@_@g@c@WW?OZiAXo@V_@BGKFQXo@fBERANDPFFh@\\fAv@^R^ZbBx@f@RZRb@J`@?JGJU\\mBNk@?U[k@eAaAw@e@KIUMw@IYGa@?YIOMYs@W]IW@NN\\nAtAJB\\EN?TLxAb@b@X|@r@b@v@FTAZW\\Sp@MbACHGFI@QA[AMGk@c@g@S{BqAoBuAg@YCKFc@b@gAj@eAEBg@fAY`AKb@?DFLpD~B`@PRNp@^lAl@NDf@BPIDKP_Ad@gB?KQa@y@}@_@Y_Ag@sAa@KAo@?GEIGQ[o@y@KYC?DLh@t@r@z@', 'resource_state': 2}",False,False,False,False,everyone,False,g7794371,False,5176406270,9.39,16.92,False,False,False,899.8,892.1,0,0,False,2021,February,Reebok Ultra speed v3
25,25,2,"{'id': 73279450, 'resource_state': 1}",#19- Evening Run,5504.4,36.0,2239,48.8,Run,3,4847176581,61fcfd81-0fb6-4ae0-9b93-1bb440f9610c-activity.fit,5170696616,2021-02-25T12:37:11Z,2021-02-25 18:07:11+00:00,(GMT+05:30) Asia/Kolkata,19800,"[13.08428, 77.538514]","[13.084281, 77.538572]",,,India,13.08,77.54,0,1,0,1,0,"{'id': 'a4847176581', 'summary_polyline': 'woznAufgxMCAE[[o@IKs@k@kA{@QAiAQk@CQEOMISKI]g@IOESCAFVXb@`@Z`@b@VFr@@pA^b@T|@p@LNh@~@BRCR[n@M^QbAILSF[CiA_@g@[SSYSeAk@UG[YqA_AQUCIHg@p@yAV_@?EC?Wb@Mb@i@vA?THLx@b@n@j@PHLNTF\\Pl@b@v@Zr@b@h@LT@PELOPoA^eABOCSQa@]a@aA{@[U{A_@c@G_@AWKQQGUk@q@GUAFDJt@x@b@l@LDf@?R@b@LDA@DVFPHrAz@`@`@\\d@DP?\\i@xAShAGFMBOAs@QmAq@e@Y{@a@g@a@e@[e@a@MG][GQHo@R]HYXg@H[EDc@bAUr@Or@@HFJpAdAb@X~Av@b@Z~Ax@`@JXBREHMXuADa@Vs@AQKUa@g@WUuAcAWIcAUeAKQOOWk@w@GMCQFTNVRZn@t@DBR?r@Lf@FXH|@f@|@r@TTTf@BTE\\c@vAOz@CDGDWDUCc@Mc@UiBmAcB{@aBuAEEAMJg@b@gAb@y@C?Sh@[n@Y`AC^DJbBhA^Pb@Xp@\\VVfB|@\\JTBN?PGHOV}A\\kAASGOe@k@e@a@aB_Au@SeAGOCmAgBIQ?HJR`@b@n@|@LD`@AP@~@Rd@RdBjAf@t@D\\', 'resource_state': 2}",False,False,False,False,everyone,False,g7794371,False,5170696616,9.17,13.32,False,False,False,901.1,892.1,0,0,False,2021,February,Reebok Ultra speed v3
26,26,2,"{'id': 73279450, 'resource_state': 1}",#18- Last run of the holidays,5021.2,31.17,1873,49.1,Run,3,4841172000,df89d4b1-b7e6-4592-854a-475bad9b009e-activity.fit,5164463450,2021-02-24T12:26:30Z,2021-02-24 17:56:30+00:00,(GMT+05:30) Asia/Kolkata,19800,"[13.086369, 77.540265]","[13.085619, 77.539582]",,,India,13.09,77.54,6,1,1,1,0,"{'id': 'a4841172000', 'summary_polyline': 'w|znAsqgxMXh@PRHRl@p@PBn@@r@Jz@`@j@\\`@^v@`ADLEd@Uf@Qj@It@KRIDO?e@E_@QcAi@SQiAi@a@[u@a@m@i@]WIU@YVq@\\w@DSNSIJu@jBKZI^BLJLl@Zf@d@~@b@`Ah@d@Z`Ab@NNb@LR@RAJEDE`@}BN]DS@ICKKUk@q@][KEg@_@m@YsAUk@CKCa@m@e@k@IWAHLV~@|@RXND\\?t@LTFz@ZhA|@b@h@R\\?TCP[z@Mz@KZONYBU?{@Yo@a@uAgAg@UiAo@m@g@UWEM@QHYHW`@o@Zq@?CC?EFy@xBKf@AJBDNR`BlA|Av@j@`@tAv@^NXDRALCJMRcAb@}A?YGQ}@gAeAy@a@W_BYw@?OO[k@_@e@IWAAAFP^TTPXj@f@RFp@?f@Jt@V|AhAn@~@HT?Jm@pBQx@KHSBk@I_@Om@c@q@_@YUg@WcAs@a@QcA{@CMHc@HW~@eB?GEDy@tBMj@?VFHnA~@v@f@lDnBj@VZFH@\\CHGFKL_Ad@}A?[Qe@eAaAwA{@UIk@McAGKGgA_BISC?@JFLvAhBRDZA', 'resource_state': 2}",False,False,False,False,everyone,False,g7794371,False,5164463450,9.67,16.56,False,False,False,902.1,892.1,5,0,False,2021,February,Reebok Ultra speed v3
27,27,2,"{'id': 73279450, 'resource_state': 1}",#17- Morning Run at Lal Bagh,10076.9,69.77,4195,50.8,Run,2,4810132868,bbdb1ede-dc19-4570-a870-efaed7d4a7f5-activity.fit,5132168451,2021-02-19T02:13:37Z,2021-02-19 07:43:37+00:00,(GMT+05:30) Asia/Kolkata,19800,"[12.950334999999999, 77.5864]","[12.952391, 77.585543]",,,India,12.95,77.59,0,2,0,2,0,"{'id': 'a4810132868', 'summary_polyline': 'qj`nA_rpxMOG}@E}@?m@Hk@R[RkAlAWPw@f@k@NyAAc@DGDEHSr@Wf@GRk@z@EL@RHN^Zh@XL@dA\\^VVXNHdBH|A~@TD~@Tp@HFHDZFDj@JfAJ~@Xl@HLFLJV^JZVb@Nf@NNDf@HZr@~A`@f@z@ND@JRv@D`@JrAGTDXCt@HLAJGVFXBfAM^@ZAl@BJEBGAQBYMQMGYBcACa@E{@A{CB_AD{@CB?J@n@C~@DpA?r@Hf@Er@@z@A`@H\\@lDIlB@NADELk@Ea@Ve@BKCSDSGuCBeAE_@UUQ_@UWKW[]QKa@MYUs@WIGQSY{@GKs@g@SU?OHUD}@Sa@UIaACsALo@?U@_AAECKYcAmAIQIWIoAEOA]@c@Du@?URg@DWAu@I_@SSa@Qi@I{@Ek@@aASc@BcCSc@@{AScACw@Ma@CIBKLCLDf@AVITOV?POd@It@[`AG`@BNAJKTGVEb@Hp@Ix@IJMJcA`@y@By@C[FOPMXUnA@LDRNf@LTNf@LNXNpA\\x@Dl@Pr@@bBXVLx@Dv@PlBXT?NFdANx@Td@HRLRVVn@DDD?X]PMj@WXGt@]d@g@Xe@Ja@Ai@Hm@IiBBOAc@B[Ai@@WG{@_@c@s@Yc@EYGkAMq@KUI}ASeAAOCWISQEQAQHYBYGWQUQ[E?EBa@b@u@Bg@LOACMLk@Ds@PcA@QRgA@UAAc@Io@Am@_@EM?ODOLExAV`@DLBRLn@FDBDXJD^Fn@Df@Hf@CVHHETDj@?^HXAfBN@HO\\Kl@S|BKh@e@xCEROdAGlAIXMbAOh@Ir@KVMJKBOA{@S_@CmBi@cAK_AUKOMCEGOs@IKSQs@[c@Dm@NQRCJDFd@PtCd@BF?HGNKBg@KeAIiAWc@Yc@Mk@ESIYA}@KS@KJKVCTDVJb@Rh@Xb@FPTNr@Nh@RR@^Fx@DzAV`AVr@J`@@~BV`AR`@Pb@DXFrAD|A\\ZAhA]LK^k@N[Ng@Fy@@}A_@cAQMg@YoA]cBQ]KYAi@O_@CsASaB_@u@Ac@EwBc@u@GOGKIAGjAy@bA]ZEv@Cv@FJ@LF^@b@P`@HXCJEPSHSJ{@CKQ_@IKOGSAODMHWTGHOh@Kd@KLM@[GcAGcADk@Lw@f@_A|@sAfA', 'resource_state': 2}",False,False,False,False,everyone,False,g7794371,False,5132168451,8.67,18.36,False,False,False,917.7,902.7,0,1,False,2021,February,Reebok Ultra speed v3
28,28,2,"{'id': 73279450, 'resource_state': 1}",#16- Evening Run,6012.1,39.8,2527,65.5,Run,3,4806547928,468f650c-7d5d-4fe8-9caa-30911c475896-activity.fit,5128469445,2021-02-18T12:07:02Z,2021-02-18 17:37:02+00:00,(GMT+05:30) Asia/Kolkata,19800,"[13.086317, 77.540256]","[13.085433, 77.537927]",,,India,13.09,77.54,0,1,2,1,0,"{'id': 'a4806547928', 'summary_polyline': 'm|znAqqgxMPl@v@~@PVHBv@?VBtAd@r@d@`@^l@|@DVCV]t@K`@Il@KZOFM@g@G_@Oy@g@a@Ya@WUIuAu@{@q@c@e@CSDUXs@p@uAAEA@K^OT]bAQt@ANTR\\N|@v@PHr@VbAt@h@Rz@h@b@Hb@?JCLMLqA`@mA?[AIQYSUWa@c@W[UqAg@y@Ke@?OEGEGYGISYa@]CS@KRh@V\\Xb@XXFDd@?ZDv@RbA`@h@`@^^\\f@DR?h@k@nAGp@EXEFYBUCc@Io@e@_EuByAmAOOEM@UPo@j@mANU?CA?KPe@lAO`@Ib@?XLPTRPFd@Zd@^d@NbBbA~Av@XFX@TELO@_@Fc@d@{ABYAIaAeAm@a@UUc@W_@KaAOu@Cg@s@m@q@EO@GNb@LTbAfAH@r@?TDtAd@vAbAZb@NPJP?TGTS`@Mf@SpAEFQFQ?[Ia@Oa@Y}Au@yBsAc@]q@s@AMH[t@gBP]c@v@i@pB?R^`@f@Vr@j@rEhCr@R\\AHCJKDMBg@Ha@^qA@OGSi@}@}AeA}@a@WGk@Gc@@MGQ]}@iACG@GJTT`@\\`@\\f@PHZCl@DRDz@\\l@`@NDVRX\\^t@Gr@S^[|AIPIHODq@OOGq@c@{A{@aAe@cAu@cA{@CWBOz@mBVa@EBm@rAYt@GX@R@HFFv@f@bAt@vAr@p@`@', 'resource_state': 2}",False,False,False,False,everyone,False,g7794371,False,5128469445,9.06,15.12,False,False,False,900.3,892.1,0,0,False,2021,February,Reebok Ultra speed v3
29,29,2,"{'id': 73279450, 'resource_state': 1}",#15- Evening Run,5012.2,32.85,2195,48.9,Run,3,4801303944,9876db53-40aa-4ada-8800-575b0baa9154-activity.fit,5123050762,2021-02-17T12:19:39Z,2021-02-17 17:49:39+00:00,(GMT+05:30) Asia/Kolkata,19800,"[13.086386, 77.54017]","[13.085537, 77.539603]",,,India,13.09,77.54,0,1,0,1,0,"{'id': 'a4801303944', 'summary_polyline': '{|znAaqgxMDKF\\`@Vb@d@V^PDl@?v@L~@f@hAp@\\n@JVDTAPe@nACNC\\Kh@OFM?WEk@MsAu@_BeAOCWMc@_@SM}@y@CM?MPw@^y@^e@?EAAGFg@vAQZMz@@LHHr@`@n@j@LF\\JlBhA~Ax@d@L`@CLKBGDm@Nu@Tu@DYEUy@cA_@Uw@k@i@Qi@Ka@Ee@@OEOOIUc@k@OOIY?FPVbAlALJJBXAf@Bx@Th@XhAt@p@z@LXAb@k@vAEPA\\IVMHWBUAa@KsA}@e@Uk@_@[QWK_@WOQw@k@WWCK@ON]FYv@uABGGD{@nBMj@AXNPb@VdAv@n@TpAx@p@XHHND\\X^JZ@PCDCFOV{ALk@L[@SGOw@{@yAkA_AYw@Kk@?EAUa@_@c@Yc@EYNf@^h@l@r@NB`@?v@Jb@L^RNDFHVNfAfAP`@BRM^OV]pBKH_@B]Co@Uw@i@q@_@QQuAo@[[e@[i@e@GQBUJWR]L]Zm@BECESb@e@tAK`@CT@FHJf@Zh@b@NN`ClAh@^x@d@p@RZ@JCLMHQH{@HSVcA@WIWm@y@iBiA}@Y_AIW?KCc@u@c@k@ISACC@ADHNzAdBLDt@A', 'resource_state': 2}",False,False,False,False,everyone,False,g7794371,False,5123050762,9.15,13.32,False,False,False,900.1,892.3,0,0,False,2021,February,Reebok Ultra speed v3
30,30,2,"{'id': 73279450, 'resource_state': 1}",#14- Evening Run,6238.4,40.13,2430,64.4,Run,3,4795921411,65325ed2-bc9b-4748-99cf-3142f251c5af-activity.fit,5117491800,2021-02-16T12:25:03Z,2021-02-16 17:55:03+00:00,(GMT+05:30) Asia/Kolkata,19800,"[13.086343, 77.540243]","[13.08431, 77.538458]",,,India,13.09,77.54,1,1,0,1,0,"{'id': 'a4795921411', 'summary_polyline': 's|znAoqgxMBRLThAnALDv@Dz@Nv@\\fAv@b@b@NTFR?Xg@~AEn@ELOTSDc@Ek@OQIiAw@s@[wBsAAEIEo@k@IMCI?M~@wBRYBMGBkAvCAN@TXZhAr@f@`@bAb@d@ZlAl@d@XPHXDXAHIHUBa@FUPy@Rk@?QSa@[e@_@]yA}@QIo@Mi@GY@KC[YWg@a@a@MY@DfAtAf@f@LBX?dALd@PtA|@`@\\Zj@DPAVETe@xAKp@GLODW?aAUq@e@yAy@y@k@eAm@s@m@GICOL[D[PWRi@Tc@ACE?BBAHE@_@dASn@G^?TNNdAn@|@p@f@TfAt@vAp@f@JZBJANQBGHy@f@cBA_@GM_@g@m@k@]QOM[Os@YWGs@COBOEIKO[u@y@IQ?DRZb@b@`@j@LHDBZA\\@v@Nj@Xf@^h@ZLJd@n@JZ?PY`AMVUjAEHOHWAIAg@SaBcAuC_B_@[m@a@OQEK@GNs@`AoBAC_@p@a@~@Qz@?JDHnBxAXLj@^r@\\j@^h@Vh@Tb@FZ@HCDGJg@Fk@Lg@Tq@?WGSa@i@_@_@WS]Qc@Wq@UYGYCo@CaBuBADFJ~AfBPF\\AV@t@Nb@Vh@^n@`@\\^Vf@BVc@hAOr@E^KXQFUAWE]Ms@e@_Ac@OMuA{@yAeA][CSp@kBVk@HI?Aw@~A]rABJVX`BdAjAp@RFXThAl@l@Vl@JT?HCFILeAb@qA', 'resource_state': 2}",False,False,False,False,everyone,False,g7794371,False,5117491800,9.33,14.04,False,False,False,902.0,892.1,1,0,False,2021,February,Reebok Ultra speed v3
31,31,2,"{'id': 73279450, 'resource_state': 1}",#13- Evening Run,5201.0,33.2,2050,51.5,Run,3,4790708528,7c0b105b-3778-436c-b021-65597e672b19-activity.fit,5112106639,2021-02-15T12:32:37Z,2021-02-15 18:02:37+00:00,(GMT+05:30) Asia/Kolkata,19800,"[13.084301, 77.538567]","[13.086339, 77.540203]",,,India,13.08,77.54,1,1,0,1,0,"{'id': 'a4790708528', 'summary_polyline': '{oznA_ggxMG[OYy@w@a@[o@_@QKe@Iu@Kg@AKAgA_BK_@A@?DJ\\|@|@R\\PB`AAz@Vz@d@x@j@b@h@P\\BPG`@i@tAIt@MPODWAiA[m@_@QQuBgAw@i@KM}@u@GM?GL_@\\y@Le@Xc@?Cy@jBUv@AVHLRNlAv@RRd@RRRf@RbAj@t@j@TDl@@NCHGHUL{@b@yA?UESk@o@q@m@UOYUy@Wq@Ms@AQGSU}@oAAQ@H~@vAb@`@VDHALEPHn@Jd@N`Aj@x@|@\\l@FVG\\OTOZWxAELSDc@G[IYMsBsA]MWUg@Wo@i@u@c@GMCQ@UL_@bAoBAEEBo@zAUdA@X\\`@d@Vn@f@^Nd@\\j@T~BnAZJTDNAJMLy@Ls@Z}@@[Oa@m@o@yA_Au@[w@Io@@UIo@gAUYGOBKBDH`@FN|@`ATJl@?j@Hz@THFhAx@LNZ`@R\\DXUv@KT]~AMLW@c@Eg@MiAy@YMe@][OkBmAo@k@CSXkANSTk@PUAACDEPQd@a@|@Mj@?HBH|BbBj@^f@T`Al@hAf@RHf@DTEL]NgAJc@JY@KBUES_@g@i@e@wAaAkB[i@AMK}@qAKW', 'resource_state': 2}",False,False,False,False,everyone,False,g7794371,False,5112106639,9.4,14.4,False,False,False,900.2,892.2,1,0,False,2021,February,Reebok Ultra speed v3
32,32,2,"{'id': 73279450, 'resource_state': 1}",#12- Evening Run,4058.7,26.35,1659,39.8,Run,3,4785775923,81469ef2-ae86-45e3-9928-f1611cd5ec4d-activity.fit,5106975278,2021-02-14T12:30:28Z,2021-02-14 18:00:28+00:00,(GMT+05:30) Asia/Kolkata,19800,"[13.086292, 77.540249]","[13.086401, 77.539849]",,,India,13.09,77.54,0,2,0,1,0,"{'id': 'a4785775923', 'summary_polyline': 'i|znAoqgxMFRP^t@fAFDRB`@ClAPd@TbAl@r@v@P`@BZETUf@MZQvAGDUDsAS_@[kAk@cAs@IKaA_@a@_@c@g@CIAINk@^{@La@PUE@_@v@[~@Ih@AHBH\\\\vAdAl@VRNnB`Al@`@b@Hb@BFAJIVoA^gABYEa@oAoA_BcAiAQm@CUImA}AIW?JDFZ`@LTr@r@NDx@@z@PXJbAp@l@f@Zf@Lf@ETUb@IVEd@GLIj@KH_@?m@Mu@_@wA}@YKqAu@_BoAGMAMD]Vy@LOXo@LMEBKPWn@]dAId@DLDFj@`@N?NPh@`@j@ZNF|@n@z@d@r@ZXH\\BRCJWZgBPu@?_@GOOWa@c@uAaAs@Us@MWC_@?KCo@cAWYKSlAtARZLDb@?|@Lf@NlAx@b@^NPZn@@TGZc@fAIv@CHKLIBo@C]KqAy@c@UMKk@Wo@e@g@QkAmAAIFi@`@eA^s@', 'resource_state': 2}",False,False,False,False,everyone,False,g7794371,False,5106975278,9.24,14.4,False,False,False,900.2,892.1,0,0,False,2021,February,Reebok Ultra speed v3
33,33,2,"{'id': 73279450, 'resource_state': 1}",#11- Evening Run,4066.3,26.8,1617,40.4,Run,3,4779932719,e8c98082-d32a-4387-8824-a5e760eba784-activity.fit,5100903222,2021-02-13T12:26:36Z,2021-02-13 17:56:36+00:00,(GMT+05:30) Asia/Kolkata,19800,"[13.086335, 77.54025]","[13.086417, 77.539821]",,,India,13.09,77.54,0,1,0,1,0,"{'id': 'a4779932719', 'summary_polyline': 'q|znAqqgxMRd@PN|@nANDb@Ah@Fl@Nf@Vv@h@XZl@bABP?Fk@zAOdAKJUBi@Gc@O]UwAu@q@c@{Ay@w@{@MWBY\\eAj@eA@GGFGR]p@Sh@O|@DRdAx@pAt@f@V\\LZVh@X^Vn@Pb@DNEJIP_ARe@TaA?QEOO[Y[mBqAwA_@m@I[AMGEEGSk@u@Qa@AB@Bh@v@r@|@PF^CV@fAXhBnAh@l@Pb@BPCJc@hAMj@Cd@KLSD_@Co@S{@m@m@Wi@_@{A{@wAiAA[Dc@b@_A\\k@FOE?KZSb@c@hAId@BLt@n@ZJn@f@j@Xp@f@p@^hAf@VJd@FJ?JCHMDQBm@d@iB@MASKSo@w@w@m@eAc@]Kq@Ke@?OGIKCI{@gAKSNVnA|AHFf@B\\DlA\\vA|@n@j@Rd@@^Yp@Mj@QfAGHMB_@?]Gg@Ui@[mAy@qAm@kA}@e@e@CI?QNo@|@eB', 'resource_state': 2}",False,False,False,False,everyone,False,g7794371,False,5100903222,9.1,13.32,False,False,False,900.2,892.1,0,0,False,2021,February,Reebok Ultra speed v3
34,34,2,"{'id': 73279450, 'resource_state': 1}",#10- Evening Run,5043.7,33.52,2017,59.4,Run,3,4774897653,23e14173-46ca-406b-b8b8-8644138f8a91-activity.fit,5095668965,2021-02-12T12:18:30Z,2021-02-12 17:48:30+00:00,(GMT+05:30) Asia/Kolkata,19800,"[13.086357, 77.54027]","[13.08541, 77.539529]",,,India,13.09,77.54,0,1,1,1,0,"{'id': 'a4774897653', 'summary_polyline': 'u|znAuqgxMPd@TTTb@^`@FDZAdANTFn@\\l@f@XNX\\LVNPFN?Fe@bBQ`AGRIFWAk@IWKqAu@WK{@o@kAi@qAcAKY@[FWXy@`@k@HSa@n@Qx@Wt@ARFPfCfBxAr@j@`@nAn@n@LR?LGFMRkA^wA?KE_@w@aAu@k@a@Ue@S[Em@Ia@@SCKIUc@s@w@GQBC@@Pb@v@x@V^LDT?hAFXHXLdAp@f@d@Zb@HV?ZYt@Qv@Ip@GNEFI@O?q@Qk@Y_@W_@O_@Ye@Oy@c@m@_@eAeAEIAMFg@Pc@v@qA@CCAA@cA~BGh@BPb@`@r@b@h@`@vAt@ZTVJp@b@v@TZDN?PIZwANa@Po@BYCK{@mA]]OIa@Mi@[}@IUGi@?KCWc@k@u@Q]A@?JN^fAnAPFz@A`ATbAj@hA|@HNRd@?XI^Yv@UtACFEB}@I_@Qe@W[Ku@e@a@QuAy@cAw@OQOYCSTk@JOPi@^q@w@fBSfA?JBHLLd@TxDhChBx@v@NJ@HAJMHQH}@`@qAD]GSu@cAu@g@q@_@aAYi@Gc@@MCMMm@}@OYCOBLNTf@j@\\f@TFp@?TD', 'resource_state': 2}",False,False,False,False,everyone,False,g7794371,False,5095668965,9.03,15.48,False,False,False,902.0,892.2,0,0,False,2021,February,Reebok Ultra speed v3
35,35,2,"{'id': 73279450, 'resource_state': 1}",#9- Evening Run,4072.6,27.97,1678,42.8,Run,3,4769975019,0eb9c1f6-649a-4e41-812f-97578cea4628-activity.fit,5090573601,2021-02-11T12:10:32Z,2021-02-11 17:40:32+00:00,(GMT+05:30) Asia/Kolkata,19800,"[13.08632, 77.540227]","[13.086417, 77.53983]",,,India,13.09,77.54,0,1,0,1,0,"{'id': 'a4769975019', 'summary_polyline': 'o|znAkqgxMTb@lAxAJD^ATBr@P\\LZN^\\n@b@f@n@JT@Ne@tAOn@CZENEDG@g@?WEo@Q{@k@_@Yg@Uc@YME{@o@UUUMOOKUDWd@wAT[Pc@C@GRSZ]x@Sx@?N@JJJnBxAf@TVZl@VVP^Lj@`@THf@HR?JCHKRgAf@kBCSIQQWg@i@UQsAu@]MaAQQAUBMEeAyAMY?FBDr@t@j@r@LBd@?jAXx@^^Z^RVV`@p@?b@[fA]~AEDYFo@Iu@a@e@a@UI{@a@m@a@QE[QsAiAKMAQXy@^}@Zm@EBU^i@hBIb@BJVTdAr@TThAj@\\NPNzA`A`@Jl@BJAHEFMJu@Pu@Tq@?UEQs@}@g@c@mAs@s@So@G]?ECOOU_@_@_@KQKY?FT^hAzAH@j@Ar@JXJvBrAt@bAFN?NIZO^Qx@Kl@GLQDc@Aa@K{Ay@}@m@uBgAe@e@]WGMAGFm@Tm@l@gA', 'resource_state': 2}",False,False,False,False,everyone,False,g7794371,False,5090573601,8.74,13.32,False,False,False,900.2,892.0,0,0,False,2021,February,Reebok Ultra speed v3
36,36,2,"{'id': 73279450, 'resource_state': 1}",#8- Evening Run,5205.7,35.9,2166,54.4,Run,3,4754787462,eab12863-15d6-49dd-a00d-5e3a7d2a7e52-activity.fit,5074852577,2021-02-08T12:21:51Z,2021-02-08 17:51:51+00:00,(GMT+05:30) Asia/Kolkata,19800,"[13.086309, 77.540253]","[13.084278, 77.538577]",,,India,13.09,77.54,0,1,0,1,0,"{'id': 'a4754787462', 'summary_polyline': 'k|znAqqgxMLb@pAdBNDt@AXDj@N\\N~@l@z@bAFNDTCV]bAWxACBSF]?k@Ma@Qi@c@g@Sq@g@UGaAm@WU_@Q[]GSFWb@mAFU^o@GB{@xBMl@@JTZZTvCfBZNPPl@TVTZPPDh@FT?LIF]D_@h@gB?YK[s@{@oBqAaAW]Ae@?OCOQGSc@e@Ui@@FHLl@z@d@f@JB^A~AZb@T^Tn@h@\\\\Vh@@PEVe@vAI|@IJSFc@Ca@Im@c@{BkA_@[OGs@e@gA{@GUB_@h@qAd@w@KXMTg@pAOr@?HDF|@d@p@h@p@d@z@d@f@^d@Rl@^f@JZ?NEHMFQHq@f@eBASGOs@cAyAcAi@Qk@Ke@Ic@?IAMMSe@o@w@COCFBDLLT\\VV^d@PF^?x@LnAf@v@h@x@bAJR?PYhAM^G\\Kf@IJQDQ?i@K_Ac@u@m@wAu@MKk@S[WSY_@[KS@U^eAXc@FOPUMJm@zAU`A?HBHRPhCzAVV\\PpAz@\\JZPVFj@BLCFKJ{@XoAL]?UEUe@i@a@_@{@k@[QWIc@Iq@K_@AME]m@o@s@GSPZ^d@\\j@RNlAHnAZRJx@j@XX\\d@P\\@P', 'resource_state': 2}",False,False,False,False,everyone,False,g7794371,False,5074852577,8.7,12.24,False,False,False,900.1,892.0,0,0,False,2021,February,Reebok Ultra speed v3
37,37,2,"{'id': 73279450, 'resource_state': 1}",#7- Short Evening Run,3519.5,23.25,1395,33.2,Run,3,4749820650,0da912ee-edd0-4998-a512-10ae1b1ebdc1-activity.fit,5069679661,2021-02-07T12:28:46Z,2021-02-07 17:58:46+00:00,(GMT+05:30) Asia/Kolkata,19800,"[13.086356, 77.54026]","[13.084577, 77.539083]",,,India,13.09,77.54,0,2,0,1,0,"{'id': 'a4749820650', 'summary_polyline': 'u|znAsqgxMHVd@l@^\\JVFHF@^?fANt@X~AhAJTb@j@DTALO^[jAKr@IHYDm@GWKkAo@]Us@]_@Ys@_@UQa@c@]YISR_AP[To@R]IFELUb@e@fBCRBHTVNL^Nn@l@d@TTP`Bt@hAr@\\FX@NAPMFIFi@Lg@Dc@Rm@AOOe@eA_Ae@[YQe@QQKSIi@Ge@@MCMKIU]WQWQSCO@ADBP\\pAzAH@d@Aj@Bj@T^Rf@\\v@p@\\f@P`@E^i@tAKv@MLGBi@AYKm@Ye@[u@]mAu@UGOIq@u@UKSSGMAQd@yAR[Xi@ACGHKb@MRa@jAKb@?NRRrBxAx@`@p@b@`@PTPbAb@p@DPGHKRqA^oA@OK_@QQQYe@c@qAw@i@Qc@EQ?i@GUIMMEOQW_@a@GY?HZd@fAtAHB`@GR@\\B`@JXN|AdA', 'resource_state': 2}",False,False,False,False,everyone,False,g7794371,False,5069679661,9.08,14.76,False,False,False,899.8,891.9,0,0,False,2021,February,Reebok Ultra speed v3
38,38,2,"{'id': 73279450, 'resource_state': 1}",#6- Evening Run with Nikhil,5116.2,35.03,2105,51.8,Run,3,4743771190,20c0c84e-5d32-472f-8188-4b3a9bcfac8b-activity.fit,5063381677,2021-02-06T12:09:59Z,2021-02-06 17:39:59+00:00,(GMT+05:30) Asia/Kolkata,19800,"[13.086295, 77.540254]","[13.084803, 77.539238]",,,India,13.09,77.54,0,2,0,1,0,"{'id': 'a4743771190', 'summary_polyline': 'i|znAqqgxMFZ@Cr@jA\\\\v@BfATVLbBdAr@dABREd@i@xAQv@IJWDg@Ic@Q_CsAc@[k@U_@a@[Ss@o@CIAIJi@Xu@d@_ABIE?CBq@fBS|@?FDLNNvA`Aj@f@l@RtA|@PFl@ZZJj@BNIHo@Zy@DYLa@A]I[_@e@YQQSmAs@QIk@Me@Ec@?WIIIQc@c@k@Q_@AHt@|@b@l@NJz@BbATjAn@l@^j@r@HX@Vm@tBEN@RIXOFU?m@Mq@[]YgAe@eAu@u@_@mAgACG?GLq@P[To@^k@?E{@fBWhADNHJ`Al@VVnBfA^Xh@T^Vh@TXFf@?HCBGJ]PsAJWJ]AWES_@c@ISGISMQG_@[w@a@WIe@GSCi@?OEg@y@]a@O]@Ht@z@d@t@DBZ?t@D~@T\\NRT|@l@n@|@HXAN]v@WpAK^EB[B[Ci@MQIu@a@OMu@_@WSUIUUyA}@Y_@CG@KRaAHYj@_A@GA?EDg@lAINQd@A`@BPf@`@\\Pz@n@dBbAFFx@`@\\Ld@^b@DPCJEJKHQFaA\\kABQCYIQOO]i@MM[M_Ai@}@Ui@G]@QGUUy@oAKW?FLVf@l@b@j@LJH@b@Ep@Hp@Tx@h@', 'resource_state': 2}",False,False,False,False,everyone,False,g7794371,False,5063381677,8.76,14.4,False,False,False,900.1,892.1,0,0,False,2021,February,Reebok Ultra speed v3
39,39,2,"{'id': 73279450, 'resource_state': 1}",#5- Evening Run ft. Nikhil,4009.4,31.98,2208,46.2,Run,3,4738053094,c8b797e2-302e-47b0-8425-bbe028a538b4-activity.fit,5057436715,2021-02-05T12:06:01Z,2021-02-05 17:36:01+00:00,(GMT+05:30) Asia/Kolkata,19800,"[13.086323, 77.540247]","[13.086792, 77.53913]",,,India,13.09,77.54,3,1,0,1,0,"{'id': 'a4738053094', 'summary_polyline': 'o|znAoqgxMLZjAzATDRC|@NfAZNHNPl@f@\\`@Xb@FR@Z_@fAIj@Sl@WLQ?q@KWKiAu@iAk@e@]c@QWWo@g@Y[AI@MPo@Vu@d@{@C@o@vAYlA?LBFf@l@d@T`CzArCxAPHR@ZCNKHc@Hq@Vw@JSGc@GOMK]e@[[_BaAYCGE_@Ic@Ge@?IGUc@q@q@GQ?GFFb@l@JRX^ZRJ@REP?v@Nd@TPNdAn@b@`@LXNVBPGZYx@ObAK^KHIBYC[Gk@Uk@[]WqCwA}AkAEKAMRaAJWVk@Ze@ACq@xA[jACRFJd@VhA|@tC~Av@f@^PPBn@?NIDGT_BJ_@L]JIDA@LC?DA@B?A@FA?@@CBBAC?OY?@Ga@m@w@yAkAg@Uu@O[Ca@?SEcAuAQc@@NJPj@j@\\f@PNJ@VAR@v@F\\JpBvAV^Rd@DVAL_@z@W~AIFQFs@Gm@QYSc@Qu@g@}A{@USc@Wq@o@EEAMB]', 'resource_state': 2}",False,False,False,False,everyone,False,g7794371,False,5057436715,7.52,18.72,False,False,False,900.3,891.9,1,0,False,2021,February,Reebok Ultra speed v3
40,40,2,"{'id': 73279450, 'resource_state': 1}",#4- A Sunny Evening,5116.9,33.5,2027,55.2,Run,3,4732625587,dcd61362-e0e7-4ad3-ad18-e24731f45f62-activity.fit,5051825795,2021-02-04T12:03:15Z,2021-02-04 17:33:15+00:00,(GMT+05:30) Asia/Kolkata,19800,"[13.086354, 77.540229]","[13.084937, 77.539356]",,,India,13.09,77.54,2,1,0,1,0,"{'id': 'a4732625587', 'summary_polyline': 'u|znAkqgxM`@p@f@h@LXJFPBXCZ@XF|Al@f@\\\\\\Zj@PRDPATU`@YjAGj@GHOFY@y@OOIUKkAw@mAm@uA_Am@i@OUBSH[t@eBPWACCAEHGZYp@a@xA?DHTx@b@`At@f@RzBvAj@XXHj@FJAJEHKJeAJ[@SNWDQBUCOGEW]IQEEq@c@gB_Aw@Oo@BIES]QOSYWWIUBCHVJP\\Zh@t@XHXAx@Hl@L`@T\\^h@b@n@x@DPEb@u@rCOLI@m@C_@KqAw@MKk@UaAq@WKi@a@WWa@WGON_Ah@iAZg@ACE?Wj@e@tAKZE\\@NTJH?|@j@\\ZPLlAj@n@`@zAv@XH`@@HCFGPw@B[b@uA@UGWk@w@ME]]UGIK]Qm@U_@Ew@OUCMG{@cAKOIYR^hAxAXLn@Gf@JN?ND^Tp@j@d@Zn@~@FRCd@Ud@a@lBUNG@i@EUMMCy@k@YMy@e@SIo@c@WIi@g@w@g@EIAOAMBKNQFSNQBMJK@K\\k@C?GDMVo@jBG`@FVd@R\\Zj@`@HH@DZJTNNFh@^r@\\f@Zl@Pj@DDAP[PsAPm@Ho@G_@GIE?EKUWOK]]mAq@c@K{@Mg@@KAKM_@s@[_@K[BLTTx@jALNNBh@DfAJ^LTL', 'resource_state': 2}",False,False,False,False,everyone,False,g7794371,False,5051825795,9.17,15.84,False,False,False,902.0,892.0,1,0,False,2021,February,Reebok Ultra speed v3
41,41,2,"{'id': 73279450, 'resource_state': 1}",#3- Short Run,3506.1,21.63,1301,33.8,Run,3,4727068028,5df07ab5-3edc-45c2-8e59-d367cf58663c-activity.fit,5046084375,2021-02-03T12:17:34Z,2021-02-03 17:47:34+00:00,(GMT+05:30) Asia/Kolkata,19800,"[13.086347, 77.540259]","[13.084553, 77.539051]",,,India,13.09,77.54,5,2,0,1,0,"{'id': 'a4727068028', 'summary_polyline': 's|znAqqgxMH\\FJDA`@n@NLLVHDf@?\\Dl@J|@\\TRJDPNZJBDn@bAFVCL[t@Ol@Gn@ENKHUBU@WEk@S[Qo@g@]MUQw@Wi@[OQeA_AEIAIBYLc@P]Ng@Ze@E?IXi@vAMn@?NDPRP`@TZ\\d@P`Aj@TPlBbAj@Tf@DREJYVaBTi@FUEYOWi@i@cBgA{@[aAG[?ECUUM[QWSOOU?GF@DX`@Z\\n@TRNDf@A|@Jr@Xb@Tj@b@~@lADNCN_@~@]dBEFSHOEK@k@Oe@WQGMMQGeAo@y@a@WKc@a@i@_@WWCM@En@iB`@y@C?GHm@~AOt@AR@F^ZXNj@d@v@f@pDnBl@NX@VIDEFi@TqAPq@?SCMIQy@eAQEu@c@uA]sAIIIS]w@y@CIAKBABDFNNTZXj@r@ND\\@p@Fp@N^PlAx@', 'resource_state': 2}",False,False,False,False,everyone,False,g7794371,False,5046084375,9.72,14.4,False,False,False,900.2,892.2,0,0,False,2021,February,Reebok Ultra speed v3
42,42,2,"{'id': 73279450, 'resource_state': 1}",#2- Evening Run,5109.0,32.93,2011,49.4,Run,3,4721545861,1b130ff6-afcd-4aba-923b-943cbfccd2e6-activity.fit,5040364537,2021-02-02T12:08:06Z,2021-02-02 17:38:06+00:00,(GMT+05:30) Asia/Kolkata,19800,"[13.086342, 77.54024]","[13.084967, 77.539376]",,,India,13.09,77.54,6,2,0,1,0,"{'id': 'a4721545861', 'summary_polyline': 's|znAoqgxMBLRZVVf@p@NJJB^Ax@JZL\\Jl@`@jAdARh@?b@G^[`AKbACDMDW@UCi@OUUk@Yw@i@{As@QO}AiAMMCK?SH_@FKHYh@gALM?CA?GDy@`CIf@@Rl@f@t@f@RFZNd@^f@RXXv@Zd@V`@J^@TILQBOB_@Ls@Na@FW@MCMGAq@_A}@s@qAe@k@OQCc@BYKa@k@m@k@E_@?DFTf@h@\\VXZVDf@@h@Jn@XZNRPj@Zp@t@Nb@@XUd@Sn@Il@EBG`@MHaAIYKeBeAgB_A_@U]]e@WMQIKAKHm@JKF[Vo@Za@?CE@Wf@c@nAMn@?JBLBD^Nn@b@ZXfBz@r@f@~@b@JLl@HR@XEHKA]Fc@f@kB?MKSYc@g@c@IMQEWSa@S_@KiAS_@?KAUUk@y@S[KUA@Zb@HR|@`ATFh@AP@~@Vl@\\TRh@d@t@v@DJ?RO^Qv@E\\Cf@EPCDMHu@Bk@MoBsAkAg@i@e@_@Q_A_AGMBc@Ne@Vc@L]Ve@IFUb@c@vAMv@@FNNf@T`Ar@r@`@^N`@Xz@`@x@d@b@JT@JAJEFOFy@L]Hc@BADUHI?SK[_@c@_Ay@e@[m@Wc@Mq@E_@?OEc@m@EKe@g@EG@GDBNZNR|@bAH@d@?t@Lj@LZN', 'resource_state': 2}",False,False,False,False,everyone,False,g7794371,False,5040364537,9.31,16.56,False,False,False,900.2,892.0,6,0,False,2021,February,Reebok Ultra speed v3
43,43,2,"{'id': 73279450, 'resource_state': 1}",#1- A Fresh Start,5023.0,32.93,1985,55.0,Run,3,4704524428,6cfac51c-aa1f-46b4-a327-5b9a8f246682-activity.fit,5022622526,2021-01-30T12:00:41Z,2021-01-30 17:30:41+00:00,(GMT+05:30) Asia/Kolkata,19800,"[13.086362, 77.54023]","[13.085816, 77.539596]",,,,13.09,77.54,0,2,0,1,0,"{'id': 'a4704524428', 'summary_polyline': 'w|znAkqgxMAFVf@^f@NJPZNDd@CN@PHZDbA`@d@^f@Zh@l@N\\B^a@lAQdAKPIDk@?[GWOMEu@a@aAo@_Ae@cCgBEU@Wt@qBDINOBICBEPWf@_@jAGd@?JDHPR`Af@d@d@lAr@l@Vd@L|@h@XLb@FTAFGDK\\qBPs@@WMUm@s@wBmAo@Sc@Io@?GESa@_@_@]i@EMC??HFPtA|APDd@AP@rAXRN^\\bAr@RVRh@ATc@hAY|AKHe@@a@GWKiBmA_CkAWSoAkA?GJYJi@Zq@Ne@NU?AOj@o@zAGn@BZFHPDl@h@ZPjAf@lBhAx@b@d@J`@@NGHMFs@Ls@Vq@@[?KGM]a@c@_@s@g@g@We@Sm@MUAc@DMEkAaBKSCAAD@F^\\JPNJP\\TRRDXAV?l@Nl@RvAz@^b@Vd@HZ?TWh@CROh@EZIZIFK@c@Ac@MUKOM[G[Mk@_@[UGIUIu@e@QWk@WYWGKAMDYP]T{@`@w@AEOd@ORKVMb@Q~@?LBJBDxA~@l@Vl@b@H@n@h@lBz@t@LPEN]Fi@La@Da@NQHOC_@KYg@i@c@Yu@o@{@Ym@Ky@CGEQOUg@e@g@GSCCA@BJV`@d@b@Z`@LH', 'resource_state': 2}",False,False,False,False,everyone,False,g7794371,False,5022622526,9.15,16.56,False,False,False,901.7,892.0,0,0,False,2021,January,Reebok Ultra speed v3
